{
	"description": "项目配置文件",
	"packOptions": {
		"ignore": []
	},
	"setting": {
		"urlCheck": false,
		"es6": true,
		"postcss": true,
		"minified": true,
		"newFeature": true,
		"autoAudits": false,
		"checkInvalidKey": true
	},
	"compileType": "miniprogram",
	"libVersion": "2.6.6",
	"appid": "wxb0f03283c9e02b3c",
	"projectname": "4-30",
	"debugOptions": {
		"hidedInDevtools": []
	},
	"isGameTourist": false,
	"simulatorType": "wechat",
	"simulatorPluginLibVersion": {},
	"condition": {
		"search": {
			"current": -1,
			"list": []
		},
		"conversation": {
			"current": -1,
			"list": []
		},
		"plugin": {
			"current": -1,
			"list": []
		},
		"game": {
			"currentL": -1,
			"list": []
		},
		"miniprogram": {
			"current": 18,
			"list": [
				{
					"id": -1,
					"name": "crf报告",
					"pathName": "pages/crf/crf",
					"query": "",
					"scene": null
				},
				{
					"id": -1,
					"name": "首页",
					"pathName": "pages/index/index",
					"query": "",
					"scene": null
				},
				{
					"id": -1,
					"name": "项目详情",
					"pathName": "pages/project/project",
					"query": "",
					"scene": null
				},
				{
					"id": 3,
					"name": "领药处方",
					"pathName": "pages/drugcf/drugcf",
					"query": "",
					"scene": null
				},
				{
					"id": -1,
					"name": "我的",
					"pathName": "pages/mine/mine",
					"query": "",
					"scene": null
				},
				{
					"id": -1,
					"name": "处方",
					"pathName": "pages/prescription/prescription",
					"query": "",
					"scene": null
				},
				{
					"id": -1,
					"name": "处方详情",
					"pathName": "pages/prescription/detail/detail",
					"query": "",
					"scene": null
				},
				{
					"id": -1,
					"name": "添加处方",
					"pathName": "pages/drugcf/addcf/addcf",
					"query": "",
					"scene": null
				},
				{
					"id": -1,
					"name": "不良",
					"pathName": "pages/badreport/badreport",
					"query": "",
					"scene": null
				},
				{
					"id": -1,
					"name": "不良2",
					"pathName": "pages/badreport/new/new",
					"query": "",
					"scene": null
				},
				{
					"id": -1,
					"name": "严重不良",
					"pathName": "pages/badseriousreport/badseriousreport",
					"query": "",
					"scene": null
				},
				{
					"id": -1,
					"name": "严重不良2",
					"pathName": "pages/badseriousreport/new/new",
					"query": "",
					"scene": null
				},
				{
					"id": -1,
					"name": "发病用药",
					"pathName": "pages/sickme/sickme",
					"query": "",
					"scene": null
				},
				{
					"id": -1,
					"name": "合并用药记录",
					"pathName": "pages/mergedrug/mergedrug",
					"query": "",
					"scene": null
				},
				{
					"id": -1,
					"name": "研究团队",
					"pathName": "pages/reteam/reteam",
					"query": "",
					"scene": null
				},
				{
					"id": -1,
					"name": "患者列表",
					"pathName": "pages/mine/sicklist/sicklist",
					"query": "",
					"scene": null
				},
				{
					"id": -1,
					"name": "患者详情",
					"pathName": "pages/mine/item/item",
					"query": "",
					"scene": null
				},
				{
					"id": -1,
					"name": "新建患者",
					"pathName": "pages/mine/new/new",
					"query": "",
					"scene": null
				},
				{
					"id": -1,
					"name": "反馈",
					"pathName": "pages/feedback/feedback",
					"scene": null
				}
			]
		}
	}
}